<?xml version="1.0" encoding="UTF-8"?>
<lknjobsplugin>
	<name>Worker Panel Test</name>
	<nameId>lknworker</nameId>
	<description>Worker Plugins Test</description>
	<author>InstantPhp.Com</author>
	<authorEmail>info@instantphp.com</authorEmail>
	<authorUrl>http://www.instantphp.com</authorUrl>
	<creationDate>19/03/20010</creationDate>
	<type>worker</type>
	<copyright>(C) 2010 InstantPhp.com</copyright>
	<license>http://www.gnu.org/copyleft/gpl.html GNU/GPL</license>
	<version>1.0</version>
	<files>
		<frontend>
			<file>lknworker.class.php</file>
		</frontend>
		<backend>
			<file>admin.lknworker.class.php</file>
			<file>install.php</file>
			<file>uninstall.php</file>
		</backend>
	</files>
	<queries>
	</queries>
</lknjobsplugin>